Coninj_t1,Coninj_t2
3.903903903903904,4.903903903903904
15.534534534534533,16.534534534534533
27.165165165165163,28.165165165165163
38.7957957957958,39.7957957957958
50.42642642642643,51.42642642642643
