TreatmentPeriod0,TreatmentPeriod1,TGFAmountTreatment,IFNAmountTreatment,CancerFreePeriod0,CancerFreePeriod1,RelapsePeriod0,TGFAmountRelapse,IFNAmountRelapse,totTGFAmount,totIFNAmount,RelapsePeriod,frequency
0.0,4.5125125125125125,2.5125125125125125,9.075075075075075,4.5125125125125125,14.482482482482482,14.482482482482482,4.0,8.0,6.5125125125125125,17.075075075075077,11.630630630630634,0.08597986057319905
