TreatmentPeriod0,TreatmentPeriod1,TGFAmountTreatment,IFNAmountTreatment,CancerFreePeriod0,CancerFreePeriod1,RelapsePeriod0,TGFAmountRelapse,IFNAmountRelapse,totTGFAmount,totIFNAmount,RelapsePeriod,frequency
3.903903903903904,4.903903903903904,1.0000000000000004,2.000000000000001,4.903903903903904,15.534534534534533,15.534534534534533,4.0,8.0,5.0,10.0,11.630630630630634,0.08597986057319905
