TreatmentPeriod0,TreatmentPeriod1,TGFAmountTreatment,IFNAmountTreatment,CancerFreePeriod0,CancerFreePeriod1,RelapsePeriod0,TGFAmountRelapse,IFNAmountRelapse,totTGFAmount,totIFNAmount,RelapsePeriod,frequency
0.0,0.9519519519519519,0.9519519519519519,1.9039039039039038,0.9519519519519519,11.327327327327327,11.327327327327327,5.0,10.0,5.951951951951952,11.903903903903904,11.630630630630634,0.08597986057319905
