C0,I0,TreatmentPeriod0,TreatmentPeriod1,IFNAmountTreatment,CritPeriod0,CritPeriod1,IFNAmountCrit,MainPeriod0,MainPeriod1,IFNAmountMain,totIFNAmount,RelapsePeriod,frequency
3,2.0,0.0,1.0,2.0,1.0,6.301301301301303,4.0,6.301301301301303,58.918918918918905,30.0,36.0,3.7027027027027017,0.27007299270073
1,2.0,17.097097097097098,20.7997997997998,2.0,20.7997997997998,24.502502502502498,2.0,24.502502502502498,58.706706706706704,22.0,24.0,3.6826826826826817,0.2715411796683882
1,0.5,0.0,2.483483483483484,3.9339339339339343,2.483483483483484,8.927927927927929,4.0,8.927927927927929,57.882882882882875,27.999999999999996,35.93393393393393,3.7027027027027017,0.27007299270073
4,0.3,0.0,4.856856856856856,11.141141141141146,4.856856856856856,8.85885885885886,4.0,8.85885885885886,57.59359359359358,28.0,43.14114114114114,3.6826826826826817,0.2715411796683882
