TreatmentPeriod0,TreatmentPeriod1,TGFAmountTreatment,RelapsePeriod0,RelapsePeriod1,TGFAmountRelapse,RelapsePeriod,frequency,totTGFAmount
0.0,0.8408408408408409,0.8408408408408409,12.417417417417417,51.273273273273276,4.0,12.951951951951955,0.07720843960120564,4.8408408408408405
