TGFinj_t1,TGFinj_t2
0.0,0.8408408408408409
12.417417417417417,13.417417417417417
25.36936936936937,26.36936936936937
38.32132132132132,39.32132132132132
51.273273273273276,52.273273273273276
