TGFinj_t1,TGFinj_t2
0.0,1.0
12.85085085085085,13.85085085085085
25.802802802802802,26.802802802802802
38.75475475475476,39.75475475475476
51.70670670670671,52.70670670670671
