TGFinj_t1,TGFinj_t2
5.045045045045045,6.045045045045045
17.996996996996998,18.996996996996998
30.94894894894895,31.94894894894895
43.90090090090091,44.90090090090091
56.85285285285286,57.85285285285286
