TreatmentPeriod0,TreatmentPeriod1,TGFAmountTreatment,RelapsePeriod0,RelapsePeriod1,TGFAmountRelapse,RelapsePeriod,frequency,totTGFAmount
5.045045045045045,6.045045045045045,1.0,17.996996996996998,56.85285285285286,4.0,12.951951951951955,0.07720843960120564,5.0
