TreatmentPeriod0,TreatmentPeriod1,TGFAmountTreatment,RelapsePeriod0,RelapsePeriod1,TGFAmountRelapse,RelapsePeriod,frequency,totTGFAmount
0.0,10.033033033033034,5.033033033033034,20.108108108108112,58.978978978978986,4.0,12.966966966966964,0.07711903659101438,9.033033033033034
