TreatmentPeriod0,TreatmentPeriod1,TGFAmountTreatment,IFNAmountTreatment,CancerFreePeriod0,CancerFreePeriod1,RelapsePeriod0,RelapsePeriod1,TGFAmountRelapse,IFNAmountRelapse,RelapsePeriod,frequency,totTGFAmount,totIFNAmount
9.856856856856858,2.5495495495495497,2.0,3.0990990990990994,12.856856856856858,21.205205205205207,9.856856856856858,58.150150150150154,3.0,6.0,11.328328328328325,0.08827427763541577,6.0,11.0990990990991
