TreatmentPeriod0,TreatmentPeriod1,TGFAmountTreatment,IFNAmountTreatment,CancerFreePeriod0,CancerFreePeriod1,RelapsePeriod0,RelapsePeriod1,TGFAmountRelapse,IFNAmountRelapse,RelapsePeriod,frequency,totTGFAmount,totIFNAmount
3.6036036036036037,6.603603603603604,1.0000000000000004,2.0,6.603603603603604,14.911911911911913,14.911911911911913,51.83683683683684,4.0,8.0,11.308308308308305,0.0884305567849872,5.0,10.0
