TreatmentPeriod0,TreatmentPeriod1,TGFAmountTreatment,IFNAmountTreatment,CancerFreePeriod0,CancerFreePeriod1,RelapsePeriod0,RelapsePeriod1,TGFAmountRelapse,IFNAmountRelapse,RelapsePeriod,frequency,totTGFAmount,totIFNAmount
8.56056056056056,11.56056056056056,1.9129129129129128,2.0,11.56056056056056,19.94894894894895,19.94894894894895,56.89389389389389,4.0,8.0,11.328328328328325,0.08827427763541577,5.912912912912913,10.0
