TreatmentPeriod0,TreatmentPeriod1,IFNAmountTreatment,CritPeriod0,CritPeriod1,IFNAmountCrit,MainPeriod0,MainPeriod1,IFNAmountMain,totIFNAmount,RelapsePeriod,frequency
17.097097097097098,20.7997997997998,2.0,20.7997997997998,24.5025025025025,2.0,24.5025025025025,58.7067067067067,22.0,24.0,3.6826826826826817,0.2715411796683882
