TreatmentPeriod0,TreatmentPeriod1,IFNAmountTreatment,CritPeriod0,CritPeriod1,IFNAmountCrit,MainPeriod0,MainPeriod1,IFNAmountMain,totIFNAmount,RelapsePeriod,frequency
0.0,4.856856856856857,11.141141141141143,4.856856856856857,8.85885885885886,4.0,8.85885885885886,57.59359359359358,28.0,43.14114114114114,3.6826826826826817,0.2715411796683882
