TreatmentPeriod0,TreatmentPeriod1,IFNAmountTreatment,CritPeriod0,CritPeriod1,IFNAmountCrit,MainPeriod0,MainPeriod1,IFNAmountMain,totIFNAmount,RelapsePeriod,frequency
0.0,2.4834834834834836,3.9339339339339343,2.4834834834834836,8.927927927927929,4.0,8.927927927927929,57.88288288288287,27.999999999999993,35.93393393393393,3.7027027027027017,0.27007299270073
